{
    "2191017": {
        "0": 0.066351944,
        "1": 0.041268011,
        "2": 0.054164985,
        "3": 1.991422098,
        "4": 1.021921541,
        "5": 0.05466938,
        "6": 0.054265961,
        "7": 0.05125331,
        "8": 0.059908446,
        "9": 0.057704343,
        "10": 0.054101341,
        "11": 0.060840671,
        "12": 0.056736662,
        "13": 0.05790669,
        "14": 0.05692889,
        "15": 0.058131267,
        "16": 0.056825018,
        "17": 0.054008691,
        "18": 0.053506115,
        "19": 0.054335852,
        "20": 0.053923098,
        "21": 0.053616865,
        "22": 0.054307593,
        "23": 0.064452753,
        "24": 0.05431717,
        "25": 0.064749256,
        "26": 0.057550984,
        "27": 0.054459982,
        "28": 0.054263517,
        "29": 0.052446308,
        "30": 0.056793875,
        "31": 0.033716336,
        "32": 0.062333279,
        "33": 0.054415083,
        "34": 1.029805098,
        "35": 0.054689044,
        "36": 0.062754837,
        "37": 0.058138809,
        "38": 0.670068002,
        "39": 0.064058305,
        "40": 0.054227481,
        "41": 0.067250181,
        "42": 0.061854323,
        "43": 0.062617219,
        "44": 0.064169987,
        "45": 0.053851344,
        "46": 0.064687659,
        "47": 0.066680285,
        "48": 0.064813417,
        "49": 0.060253676,
        "50": 0.052977034,
        "51": 0.064655981,
        "52": 0.054448938,
        "53": 0.054168609,
        "54": 1.210999674,
        "55": 0.060057881,
        "56": 0.057607948,
        "57": 0.06182163,
        "58": 0.063632102,
        "59": 0.058908098,
        "60": 0.065534789,
        "61": 0.057410277,
        "62": 0.061149603,
        "63": 0.054364665,
        "64": 0.054570758,
        "65": 0.06526955,
        "66": 0.062735715,
        "67": 0.065910779,
        "68": 0.054598028,
        "69": 0.062641464,
        "70": 0.057769621,
        "71": 0.062852215,
        "72": 0.054375665,
        "73": 0.066444491,
        "74": 0.05436277,
        "75": 0.065806428,
        "76": 0.057480321,
        "77": 0.054410796,
        "78": 0.065623974,
        "79": 0.062488979,
        "80": 0.06625523,
        "81": 0.057640092,
        "82": 0.057669819,
        "83": 0.054179373,
        "84": 0.039115276,
        "85": 0.039639552,
        "86": 3.226439972,
        "87": 0.030318335,
        "88": 0.034102541,
        "89": 0.040697891,
        "90": 0.053650209,
        "91": 0.058744454,
        "92": 0.054313909,
        "93": 0.121967191,
        "94": 0.059912817,
        "95": 0.061010893,
        "96": 0.038975539,
        "97": 0.062225501,
        "98": 0.062994165,
        "99": 0.061998564,
        "100": 0.054593836,
        "101": 0.140690252,
        "102": 0.06666739,
        "103": 0.054573412,
        "104": 0.054393734,
        "105": 0.065109345,
        "106": 0.064852841,
        "107": 0.058276644,
        "108": 0.054321266,
        "109": 0.064065814,
        "110": 0.061818101,
        "111": 0.065143844,
        "112": 0.059409558,
        "113": 0.034831563,
        "114": 0.062350155,
        "115": 0.060282822,
        "116": 0.057833316,
        "117": 0.065262194,
        "118": 0.065372466,
        "119": 0.062938726,
        "120": 0.262144129,
        "121": 0.063116509,
        "122": 0.06066946,
        "123": 0.053870052,
        "124": 0.054251305,
        "125": 0.061556206,
        "126": 0.056343152,
        "127": 0.054049232,
        "128": 0.165984394,
        "129": 0.054099803,
        "130": 0.054590346,
        "131": 0.058155749,
        "132": 0.063647912,
        "133": 0.068690654,
        "134": 0.052018765,
        "135": 0.060971195,
        "136": 0.03826909,
        "137": 0.062229055,
        "138": 0.053472031,
        "139": 0.061170939,
        "140": 0.063524592,
        "141": 0.05464389,
        "142": 0.116470401,
        "143": 0.057161092,
        "144": 0.057496004,
        "145": 0.057684194,
        "146": 0.068781288,
        "147": 0.053940963,
        "148": 0.057796865,
        "149": 0.054403197,
        "150": 0.054230531,
        "151": 0.054031399,
        "152": 0.062389426,
        "153": 0.057588131,
        "154": 0.0515819,
        "155": 0.635230983,
        "156": 0.067839033,
        "157": 0.053778544,
        "158": 0.053511685,
        "159": 0.059874432,
        "160": 0.071046764,
        "161": 0.060194217,
        "162": 0.060429137,
        "163": 0.065234822,
        "164": 0.064898939,
        "165": 0.064199458,
        "166": 0.068635872,
        "167": 0.066312634,
        "168": 0.063146184,
        "169": 0.069518809,
        "170": 0.06529252,
        "171": 0.062312249,
        "172": 0.065487102,
        "173": 0.031854859,
        "174": 0.054077625,
        "175": 0.064190187,
        "176": 1.373968195,
        "177": 0.057815929,
        "178": 0.066025198,
        "179": 0.059166669,
        "180": 0.046360271,
        "181": 0.042841962,
        "182": 0.053052693,
        "183": 0.06586491,
        "184": 0.053824572,
        "185": 0.053752429,
        "186": 0.059769935,
        "187": 0.062217105,
        "188": 0.15490209,
        "189": 0.055925728,
        "190": 0.065656814,
        "191": 0.063973324,
        "192": 0.064323206,
        "193": 0.063333353,
        "194": 0.056341787,
        "195": 0.064201276,
        "196": 0.068109019,
        "197": 0.067366655,
        "198": 0.057320939,
        "199": 0.061028803,
        "200": 0.31643394,
        "201": 0.054420832,
        "202": 0.054561258,
        "203": 0.067872536,
        "204": 0.110597329,
        "205": 0.0581824,
        "206": 0.054357175,
        "207": 0.07182526,
        "208": 0.058957539,
        "209": 0.054344848,
        "210": 0.053882532,
        "211": 0.066233007,
        "212": 0.06250405,
        "213": 0.053675431,
        "214": 0.03142574,
        "215": 0.062216212,
        "216": 0.054427149,
        "217": 0.056777446,
        "218": 0.250751042,
        "219": 0.05650605,
        "220": 0.053310626,
        "221": 0.051059448,
        "222": 0.063744377,
        "223": 0.045759749,
        "224": 0.037190078,
        "225": 0.066187955,
        "226": 0.064293243,
        "227": 0.053192513,
        "228": 0.054532903,
        "229": 0.058003698,
        "230": 0.061989408,
        "231": 0.063881128,
        "232": 0.053885467,
        "233": 0.054595884,
        "234": 0.036348582,
        "235": 0.067312096,
        "236": 0.050816815,
        "237": 0.065094441,
        "238": 0.054257826,
        "239": 0.044797932,
        "240": 0.044052582,
        "241": 0.054527455,
        "242": 0.064182154,
        "243": 0.053844001,
        "244": 0.066084485,
        "245": 0.05951738,
        "246": 0.06208861,
        "247": 0.060067745,
        "248": 0.054255114,
        "249": 0.069213271,
        "250": 0.06093327,
        "251": 0.06360561,
        "252": 0.063252686,
        "253": 0.054425432,
        "254": 0.823978357,
        "255": 0.066834346
    }
}